id_ponto	category	TITULO
1	Hinos	HINO DA UMBANDA
2	Hinos	É um hino de glória que fala
3	Hinos	HINO DO UMBANDISTA BRASILEIRO
4	Hinos	ASSOC. DOS UMBANDISTAS DE CANOAS
5	Hinos	HINO DA TURMA “FÉ, ESPERANÇA E CARIDADE”
6	Hinos	HINO DA TERREIRA DE MÃE MARIA
7	Hinos	TEMPLO DE UMBANDA PAI OXALÁ FRATERNIDADE OGUM DE RONDA
8	Oxala	#OXALÁ
9	Oxala	Abre a porta Oh gente
10	Oxala	Lá vem jesus
11	Oxala	Jesus, estrela guia
12	Oxala	Entrei na mata virgem
13	Oxala	Bendito e louvado seja
14	Oxala	Saravá, saravá, saravá
15	Oxala	Oxalá mandou,
16	Oxala	Eu faço a Zambi minha oração,
17	Oxala	Um novo dia vai nascer
18	Oxala	Foi Zambi que criou o mundo
19	Iemanja	#Iemanjá
20	Iemanja	Joga flores no mar | bis
21	Iemanja	Pescador pegou veleiro e foi
22	Iemanja	Óh Iemanja, óh Iemanja
23	Iemanja	No murmúrio das ondas
24	Iemanja	Navio negreiro no meio do mar
25	Iemanja	Foi na areia, foi na areia
26	Iemanja	Mãe Sereia tem o seu manto de ouro
27	Iemanja	Sentada em cima de uma pedra
28	Iemanja	Eram duas ventarolas, duas ventarolas
29	Iemanja	Dia 8 de Dezembro dia de festa no mar
30	Iemanja	Estava na beira da praia
31	Iemanja	Jandira, Jandira
32	Iemanja	Iara
33	Iemanja	Iara, Iara tem pena de nós tem dó
34	Iemanja	Quem quer viver sobre a terra
35	Iemanja	Atraca Atraca quem vem na onda é Nanã
36	Iemanja	És nossa mãe Óh Iemanjá
37	Iemanja	A Iemanjá não é uma sereia
38	Iemanja	Joga flores no mar
39	Iemanja	Salve Iemanjá, salve Oxum e Nanã
40	Iemanja	Saravá sereia linda
41	Iemanja	Maria nossa mãe extremosa
42	Iemanja	Oh Iemanjá, Oh Iemanjá
43	Iemanja	'
44	Iemanja	Oh Virgem Maria
45	Iemanja	Iemanjá é a rainha do mar
46	Iemanja	Eu fiz um pedido a sublime Iemanjá
47	Iemanja	Eu vi sentada na areia
48	Iemanja	Desce oh mãe do teu reino dourado
49	Iemanja	Sete Ondas
50	Iemanja	Ele é do mar, ele é caboclo flecheiro
51	Iemanja	Galera está no mar, ai vamos todos remar
52	Iemanja	Quando a lua surgir
53	Iemanja	Saravá Oxalá e Iemanjá
54	Iemanja	Do manto de Nossa Senhora
55	Iemanja	Descarrega, descarrega
56	Iemanja	Baixai, baixai,
57	Iemanja	E a marola lá do mar
58	Iemanja	Marinheiro
59	Iemanja	Cabocla das Sete Ondas
60	Iemanja	Abiguá
61	Iemanja	Tarimá
62	Oxum	OXUM
63	Oxum	Mamãe Oxum mamãe Oxum lá do infinito
64	Oxum	candura
65	Oxum	Mamãe Oxum salve a sua cachoeira
66	Oxum	Eu vi mamãe Oxum na cachoeira
67	Oxum	Junco-Verde
68	Oxum	A lua vem surgindo
69	Oxum	Coração de mãe
70	Oxossi	#Oxóssi
71	Oxossi	Na minha aldeia eu sou caboclo
72	Oxossi	Que bombardeio que se deu lá na aldeia
73	Oxossi	Caboclo roxo, da pele morena
74	Oxossi	Foi Zambi quem criou o mundo
75	Oxossi	Atira, atira
76	Oxossi	A mata estava escura
77	Oxossi	Um diadema lá no céu brilhou
78	Oxossi	Eu estava na mata virgem
79	Oxossi	Daodé
80	Oxossi	Eu vi os caboclos de Oxóssi
81	Oxossi	Eu vou pedir licença pra Oxóssi
82	Oxossi	Araguassú
83	Oxossi	Araguassú que vem de aruanda
84	Oxossi	Arranca Toco
85	Oxossi	Lá na mata é só caboclo
86	Oxossi	Caboclo Arranca-Toco
87	Oxossi	Ubirajara
88	Oxossi	Em cima de uma pedra branca
89	Oxossi	Pena Branca
90	Oxossi	Como é lindo o romper do dia
91	Oxossi	O senhor pena branca, E ô
92	Oxossi	Caboclo Aimoré
93	Oxossi	Pena Verde
94	Oxossi	Corre, corre meu veado
95	Oxossi	Águia Branca
96	Oxossi	Sete Encruzilhadas
97	Oxossi	Caboclo Arruda
98	Oxossi	Sete-Flechas
99	Oxossi	Paranga
100	Oxossi	Salve a falange do Caboclo Sete Flechas
101	Oxossi	Atrás daquela serra tem sete coqueiros
102	Oxossi	Tupayba
103	Oxossi	Tupinambá
104	Oxossi	Tupinambá, Tupinambá
105	Oxossi	Os filhos de umbanda
106	Oxossi	Lá na mata tem guiné
107	Oxossi	Tupimirim
108	Oxossi	Ele vem montado
109	Oxossi	Tupimirim, êh, êh Tupinambá
110	Oxossi	Urubatã
111	Oxossi	Ubiratã
112	Oxossi	Jurema
113	Oxossi	Jurema, Oh Jurema, Jurema
114	Oxossi	Entrei na mata virgem
115	Oxossi	Quem não conhece a linda cabocla Jurema
116	Oxossi	Jurema do juremeiro
117	Oxossi	Jurema do juremeiro
118	Oxossi	Ai Jureminha, ai Jurema
119	Oxossi	Ai Jureminha, ai Jurema
120	Oxossi	Jurema, sua flecha brilhou Jurema
121	Oxossi	Como são lindos os cabelos de Jurema
122	Oxossi	É tão bonita a cabocla Jurema
123	Oxossi	Eu vim da mata virgem
124	Oxossi	Quem é de Aruanda, não é de aruê
125	Oxossi	A lua veio iluminou a mata virgem
126	Oxossi	Jurema é flecheira
127	Oxossi	Companheiros de Jurema
128	Oxossi	O vento está soprando nas matas
129	Oxossi	A mata estava tão linda
130	Oxossi	Eh Juremê, Eh Jurema
131	Oxossi	Eu me perdi mamãe
132	Oxossi	arrebol
133	Oxossi	Eu vou chamar a corrente de Jurema
134	Oxossi	Na mata eu vi o sabiá cantar
135	Oxossi	Caboclo Arari
136	Oxossi	Caboclo Ararijara
137	Oxossi	Caboclo Flecheiro
138	Xango	XANGÔ
139	Xango	Meu pai Xangô é rei lá na pedreira
140	Xango	Xangô do fogo
141	Xango	Cachoeira da mata virgem
142	Xango	Pedra rolou pai Xangô
143	Xango	Por de trás daquela serra
144	Xango	Quem rola pedra na pedreira
145	Xango	Kaô, kaô Xangô
146	Xango	Supremo da Montanha
147	Xango	Ribombo
148	Xango	Kaô Cabecilê
149	Xango	Ele bradou na aldeia
150	Xango	Sua machada é de ouro
151	Xango	Corisco
152	Xango	Cariri
153	Xango	Kenguelê, kenguelê Xangô
154	Xango	Kaô Cabecilê
155	Xango	minou
156	Xango	Bambaruê
157	Xango	Eu fui lá na mata buscar minha guia
158	Xango	Bate, bate no tambor
159	Xango	Xangô ô, Xangô ô
160	Xango	A lua vem nascendo no horizonte
161	Xango	Sao Miguel Arcanjo
162	Xango	Quero andar de valor em valor
163	Xango	Xangô e Oxóssi
164	Xango	Xangô e Ogum
165	Xango	Treme Terra
166	Xango	Em cima de uma pedra branca
167	Xango	Quando a lua surgir
168	Xango	Caboclo do Vento
169	Xango	Caboclo do Vento vem descendo da pedreira
170	Xango	Caboclo Ventania
171	Xango	Eu estava na pedreira
172	Xango	Veado no campo é corredor
173	Xango	Caboclo do Sol e da Lua
174	Xango	Xangô, Xangô
175	Xango	Caboclo Serra Negra
176	Xango	Caboclo da Pedra
177	Xango	Caboclo Girassol
178	Iansa	Iansã
179	Iansa	Ponto de chegada da cabocla dirigente do C.E. Jandira
180	Iansa	Iansã é uma moça bonita
181	Iansa	Saravá Iansã
182	Iansa	bonanza
183	Iansa	jacutá
184	Iansa	O ronco da pedreira
185	Iansa	A trovoada trovejou lá na pedreira
186	Ogum	#OGUM
187	Ogum	Oh! Meu São Jorge
188	Ogum	Eu vi os soldados de Ogum
189	Ogum	Xangô rolou a pedra na pedreira
190	Ogum	São Jorge Guerreiro mandou me chamar
191	Ogum	Quem é a aquele lindo cavalheiro?
192	Ogum	Quem me dera Ogum
193	Ogum	Ai vem Ogum em seu cavalo
194	Ogum	Ogum é guerreiro de umbanda
195	Ogum	Ogum olha sua bandeira
196	Ogum	Ele é filho do major Heitor
197	Ogum	Eu tenho sete espadas pra me defender
198	Ogum	Clarão da lua, clareou as matas
199	Ogum	Por entre matas, por entre mares,
200	Ogum	Salve São Jorge Guerreiro
201	Ogum	Na minha porta bateu
202	Ogum	Quatro santos nesta sala
203	Ogum	altaneiro
204	Ogum	Estão batendo na porta
205	Ogum	Ogum cavaleiro da lua
206	Ogum	São Jorge é quem está de ronda
207	Ogum	Zélio Fernandino de Moraes
208	Ogum	Capitão do mato mandou me chamar
209	Ogum	Ogum meu pai
210	Ogum	Saravá, saravá São Jorge
211	Ogum	Tem festa do terreiro
212	Ogum	Ogum de lei, Ogum Megê, Ogum Iara
213	Ogum	Ô Ô Ogum
214	Ogum	O seu cavalo corre
215	Ogum	Zélio Fernandino de Moraes
216	Ogum	Ai o meu pai é o maior na espada
217	Ogum	Levanta a bandeira de Ogum
218	Ogum	Vence demanda, ele tocou clarim
219	Ogum	Ogum é São Jorge guerreiro
220	Ogum	Nagô
221	Ogum	Oh Jorge, Oh Jorge
222	Ogum	Ogum Beira Mar
223	Ogum	Eu vi uma luzinha tão longe
224	Ogum	A sua corrente é tão forte
225	Ogum	Ogum que abalou as estrelas
226	Ogum	Ogum quando chega no reino
227	Ogum	Como é linda a coroa de Iemanjá
228	Ogum	Oh seu Ogum Beira Mar
229	Ogum	São Jorge, São Jorge
230	Ogum	Ele é Ogum, ele vem do mar
231	Ogum	Que cavaleiro é aquele
232	Ogum	Olha que lindo barquinho
233	Ogum	Em seu cavalo branco
234	Ogum	Ogum Iara
235	Ogum	Ogum vencedor de demanda
236	Ogum	Se meu pai é Ogum
237	Ogum	Ogum Megê e Ogum Iara
238	Ogum	Seu capacete é de ouro
239	Ogum	Ogum Rompe Mato
240	Ogum	Cruza flechas e lanças
241	Ogum	Ogum da Mata
242	Ogum	Ogum das Matas
243	Ogum	CACOBLO OGUM DA MATA VIRGEM
244	Ogum	Ogum Megê
245	Ogum	Qual o Ogum que bebe
246	Ogum	Todo o homem que fuma e bebe
247	Ogum	Ogum Naruê
248	Ogum	Ogum da Lua
249	Ogum	Ogum da Lua, ori babá orixá
250	Ogum	Ogum meu pai me disse
251	Ogum	Ogum de Ronda
252	Ogum	Oxóssi assoviou lá no Humaitá
253	Ogum	Ogum da Cachoeira
254	Ogum	Ogum Timbiri
255	Ogum	Ogum das Sete Ondas
256	Cosme	COSME E DAMIÃO
257	Cosme	Papai mandou as criancinhas
258	Cosme	Cosme e Damião
259	Cosme	Fui no jardim colher as rosas
260	Cosme	Na aruandê, na aruandê, na aruanda
261	Cosme	Vai, vai, vai Doum
262	Cosme	Damião cadê Doum, ô Damião?
263	Cosme	Eu era criança e tinha esperança
264	Cosme	27 de setembro, dia de festa e procissão
265	Cosme	De lá do céu de lá do céu
266	Cosme	Doum, hoje é teu dia
267	Cosme	São Cosme e São Damião
268	Cosme	Bahia é terra de dois
269	Cosme	Salve Doum, São Cosme e São Damião
270	Cosme	Cosme e Damião, dois dois dois
271	Cosme	Oi Cosme, oi Cosme, oi Cosme
272	Cosme	Enfeitei meu jardim de rosas brancas
273	Cosme	São Cosme e São Damião sua santa já chegou
274	Cosme	Cosme e damião, doum
275	Oriente	POVO DO ORIENTE
276	Oriente	São João batista vem chegando
277	Oriente	Oh João batista, enviado de Jesus
278	Oriente	Zarthur
279	Oriente	Nasceu mais uma estrela
280	Oriente	Brilhou um clarão no céu
281	Oriente	Uma luz nasceu e clareou
282	Oriente	Ori do Oriente
283	Oriente	Vovó Faustina
284	Oriente	Pai Francisco
285	Pretos	PRETOS VELHOS
286	Pretos	Nego Juca
287	Pretos	Pai Bastião
288	Pretos	A estrela clareou o céu
289	Pretos	Umbanda tem fundamento
290	Pretos	Lá no alto da serra
291	Pretos	Repenica
292	Pretos	Preto velho pequenino
293	Pretos	Preto-Velho senta no toco
294	Pretos	Oi saravá os pretos velhos agora
295	Pretos	Xangô, Xangô
296	Pretos	Pai João e Mãe Maria
297	Pretos	Quê-querê quê quê
298	Pretos	Vovó não quer casca de côco no terreiro
299	Pretos	Eu vi no céu uma estrela correndo
300	Pretos	Mãe Preta
301	Pretos	Pele castigada, carapinha branca
302	Pretos	Pai Cipriano
303	Pretos	Pai José
304	Pretos	Pai José vem cá
305	Pretos	Mãe Maria cadê Pai José
306	Pretos	Salve Deus e os caboclos de Aruanda
307	Pretos	Quem quiser ver, que veja, auê
308	Pretos	Embala ê babá, embala ê
309	Pretos	Pai Jorge
310	Pretos	Pai Sebastião
311	Pretos	Rei Congo
312	Pretos	Ponto 312
313	Pretos	Pinto piou lá em Angola
314	Pretos	Ele é Rei Congo
315	Pretos	Pai Joaquim
316	Pretos	Pai Joaquim lá de angola
317	Pretos	Pai Joaquim já vem
318	Pretos	Quem quiser ver, que veja
319	Pretos	Pai João
320	Pretos	Pai João de Aruanda
321	Pretos	Vovó Rita
322	Pretos	Tia Maria
323	Pretos	Onde é que Tia Maria mora?
324	Pretos	Maria Conga
325	Pretos	Eu vou chamar a corrente do cipó
326	Pretos	A escravatura terminou
327	Pretos	Tumbeiro tumbeiro lembrança da escravidão
328	Pretos	Maria Conga é tão linda
329	Pretos	Maria Macambira
330	Pretos	Maria da Serra
331	Pretos	Maria Tomé
332	Pretos	Pai Miguel
333	Pretos	Ouvi o rufar dos tambores
334	Pretos	Pai Domingos
335	Pretos	Pai Domingos, cadê Pai Domingos
336	Pretos	Pai Tião
337	Pretos	Pai Jerônimo
338	Pretos	Lá do céu desceu uma estrela
339	Pretos	Foi a fé em Oxalá que nos uniu
340	Pretos	Estava na Aruanda
341	Pretos	NEGA MINA
342	Pretos	Preta-Velha
343	Pretos	Tem mironga no conguê
344	Pretos	Oh Preta-Velha você não engana
345	Pretos	Tio Antonio
346	Pretos	Baiana
347	Pretos	A baiana chegou da Bahia
348	Pretos	Povo de Congo
349	Pretos	Pai Belarmino
350	Pretos	Mãe Maria da Estrada
351	Pretos	Pai Bento
352	Pretos	Pai Bento, Pai Bento
353	Pretos	A fumaça do cachimbo do Pai Bento
354	Pretos	Pai Benedito
355	Pretos	Benedito, Pai Benedito
356	Pretos	Aí vem chegando Mãe Maria Benedita
357	Pretos	Pai Jobim
358	Pretos	Pai Tomé
359	Pretos	Cachimba
360	Pretos	Minha cachimba tá no toco
361	Outros	DIVERSOS
362	Outros	Defumação
363	Outros	Corre ronda Pai Ogum
364	Outros	Defuma com as ervas da Jurema
365	Outros	Olorum
366	Outros	Ponto de Partida
367	Outros	Vamos embora não fica ninguém
368	Outros	Saudação aos guias
369	Outros	Quem vem, quem vem lá de tão longe
370	Outros	Deus vos salve a casa santa
371	Outros	Tambor, tambor
372	Outros	CHAMADA DE CABOCLOS
373	Outros	HINO DO TEMPLO LUZ NO CAMINHO
374	Outros	HINO DA TURMA CACIQUE TREME-TERRA
375	Outros	Abertura dos caminhos
376	Outros	Abertura
377	Outros	Jesus, Maria, São João e São José
378	Outros	Deus que salve os nossos guias
379	Outros	Encerramento
380	Outros	Santo Antônio do mundo novo
381	Outros	Santo Antonio de Pemba
382	Outros	Pontos de Retirada
383	Outros	Ele vai, ele vai
384	Outros	MACÁIA
385	Outros	Lá na Aruanda, estão lhe chamando
386	Outros	Lá na Aruanda, estão lhe chamando
387	Outros	Caboclo pega suas armas
388	Outros	Caboclo trabalhou
389	Outros	Os Pretos Velhos vão embora
390	Outros	Caboclos já trabalharam
391	Outros	Caboclo já vai
392	Outros	Natal na Umbanda
393	Outros	Coroação de Cacique
394	Outros	Antigo Hino de Natal da Umbanda
395	Outros	Reforço
396	Outros	Consagração
397	Outros	Pedido e agradecimento especial por saúde espiritual
398	Outros	Advertência
399	Outros	Exaltação
400	Outros	Aniversário
401	Outros	Hino dos Orixás
402	Outros	Ponto da Amizade
